Player,moneypuck_name
Nicholas Ritchie,Nick Ritchie
Cameron Atkinson,Cam Atkinson
John Oduya,Johnny Oduya
Alexei Marchenko,Alexey Marchenko
Cameron Talbot,Cam Talbot
Jacob Muzzin,Jake Muzzin
Michael Condon,Mike Condon
Nikolai Kulemin,Nikolay Kulemin
Chris Gibson,Christopher Gibson
Mike Kostka,Michael Kostka
Philip Kessel,Phil Kessel
Alexander Killorn,Alex Killorn
Matthew Taormina,Matt Taormina
Christopher Higgins,Chris Higgins
Phillip Grubauer,Philipp Grubauer
Tobias Enstrom,Toby Enstrom
Joshua Morrissey,Josh Morrissey
Nicolas Petan,Nic Petan
Charles Mcavoy,Charlie McAvoy
Zachary Werenski,Zach Werenski
Vincent Hinostroza,Vinnie Hinostroza
Matthew Benning,Matt Benning
Chris DiDomenico,Christopher DiDomenico
Viktor Antipin,Victor Antipin
Alexander Debrincat,Alex DeBrincat
Louis Belpedio,Louie Belpedio
Matthew Grzelcyk,Matt Grzelcyk
Kenneth Agostino,Kenny Agostino
Alexander Georgiev,Alexandar Georgiev
Samuel Blais,Sammy Blais
Nikolay Prokhorkin,Nikolai Prokhorkin
Gabe Vilardi,Gabriel Vilardi
Alex True,Alexander True
Maxime Comtois,Max Comtois
Nicholas Caamano,Nick Caamano
Alex Carrier,Alexandre Carrier
Nicholas Meloche,Nicolas Meloche
Phillipe Maillet,Philippe Maillet
Zachary Fucale,Zach Fucale
Daniel Vladar,Dan Vladar
Matthew Boldy,Matt Boldy
Cameron York,Cam York
Matthew Beniers,Matty Beniers
Matthew Coronato,Matt Coronato
Frederik Olofsson,Fredrik Olofsson
Matthew Rempe,Matt Rempe
Timmy Washe,Tim Washe
Jacob Christiansen,Jake Christiansen
Alexei Kolosov,Aleksei Kolosov
Vasili Ponomarev,Vasily Ponomarev
Samuel Poulin,Sam Poulin
Ethan Frank,Ethen Frank
