Player,Team,Year,Cap Hit
Chris Pronger,ARI,2015,4941429
Jesse Winchester,COL,2015,900000
Kyle Platzer,EDM,2015,735000
Marc Savard,FLA,2015,4027143
Adam Payerl,NSH,2015,575000
Mattias Ohlund,TBL,2015,3607143
Nathan Horton,TOR,2015,5300000
Raffi Torres,TOR,2015,2000000
Chris Pronger,ARI,2016,4941429
Nick Ellis,EDM,2016,925000
Sam Brittain,FLA,2016,750000
Marc Savard,NJD,2016,4027143
Luke Opilka,STL,2016,925000
Nathan Horton,TOR,2016,5300000
Nathan Horton,TOR,2017,5300000
Jamie Phillips,WPG,2017,675000
Mat Robson,MIN,2018,925000
Niclas Westerholm,NSH,2018,825833
Nathan Horton,TOR,2018,5300000
Jake Kielly,VAN,2018,925000
Ryan Mantha,EDM,2019,870000
Mitchell Vande Sompel,NYI,2019,728333
Erik Foley,STL,2019,925000
Nathan Horton,TOR,2019,5300000
Kristofers Bindulis,WAS,2019,792500
Callum Booth,BOS,2020,700000
Cam Johnson,CBJ,2020,700000
Cameron Morrison,CHI,2020,925000
Evan Barratt,CHI,2020,870000
Chad Krys,CHI,2020,853333
Philippe Desrosiers,FLA,2020,700000
Cole Hults,LAK,2020,925000
Tyler Madden,LAK,2020,925000
Jacob Ingham,LAK,2020,818333
Emil Larmi,PIT,2020,792500
Alex D'Orio,PIT,2020,733333
Kodie Curran,BOS,2021,1000000
Andrew Oglevie,BUF,2021,750000
Ty Lewis,CGY,2021,800000
Tyler Parsons,CGY,2021,771750
Jack Matier,NSH,2021,838333
Rémi Poirier,DAL,2022,836667
Michael Benning,FLA,2022,916667
Jacob Ingham,LAK,2022,4091
Oskar Back,DAL,2024,775000
William Wallinder,DET,2024,925000
Hunter St. Martin,FLA,2024,855833
